Txhash,Blockno,UnixTimestamp,DateTime,From,To,TokenID
0x1,100,1700000000,2023-11-15 10:00:00,0xUserA,0xTarget,1
0x2,100,1700000001,2023-11-15 10:00:01,0xUserA,0xTarget,2
0x3,101,1700000002,2023-11-15 10:00:02,0xUserB,0xTarget,3
0x4,102,1700000003,2023-11-15 10:00:03,0xUserA,0xTarget,4
0x5,103,1700000004,2023-11-15 10:00:04,0xUserB,0xTarget,5
0x6,104,1700000005,2023-11-15 10:00:05,0xUserB,0xTarget,6
0x7,105,1700000006,2023-11-15 10:00:06,0xUserA,0xTarget,7
0x8,106,1700000007,2023-11-15 10:00:07,0xUserB,0xTarget,8
0x9,107,1700000008,2023-11-15 10:00:08,0xUserA,0xTarget,9

